firm_name,website,hq_city,founded_year,firm_type,primary_sector,mandate_or_check_size,status,visibility_score,visibility_note,articles_section_url,posts_last_12_months,source_urls,notes
Centana Growth Partners,centana.com,San Francisco,2015,Growth equity,Fintech / financial services / enterprise technology,$10M-$50M+ per investment; $600M fund size per aggregator,qualified,,not measured (see summary.md),,,https://growthcapadvisory.com/firms/centana-growth-partners/ | https://www.centanagrowth.com/2017/06/12/centana-closes-oversubscribed-fund/,Offices also in Palo Alto and New York; HQ taken as San Francisco per search snippets. Seed list says it has /insights - not verified.
Nexa Equity,nexaequity.com,San Francisco,2021,Private equity,Application software / fintech / healthcare IT / payments enablement,Targets founder-led companies with $5M-$20M revenue; Fund I $180M (2023); Fund II closed 2025,qualified,,not measured (see summary.md),,,https://www.finsmes.com/2021/06/private-equity-firm-nexa-equity-launches.html | https://peprofessional.com/2023/07/nexa-equity-closes-inaugural-180-million-private-equity-fund-to-further-scale-lower-middle-market-application-software-and-fintech-companies/,AUM figure ($1.2B) comes from one aggregator; treat as unverified.
Acrew Capital,acrewcapital.com,San Francisco,2019,Venture capital,Fintech / security / data / AI / health,Seed to Series A $1M-$15M per aggregator (seed list says $1M-$50M),needs_check,,not measured (see summary.md),,,https://pitchbook.com/profiles/investor/327166-48 | https://vc-mapping.gilion.com/vc-firms/acrew-capital,Mandate may skew earlier than the $5M+ target; confirm check-size on firm site.
Health Velocity Capital,healthvelocitycapital.com,San Francisco,2016,Growth equity / venture,Healthcare software and services,,qualified,,not measured (see summary.md),,,https://intuitionlabs.ai/companies/digital-health/health-velocity-capital,Offices in San Francisco and Brentwood TN. About $485M AUM across two funds per one source. Check size not found.
Sansa Advisors,sansaadvisors.com,San Francisco,2015,Boutique investment bank,Technology (fundraising and sell-side M&A),,qualified,,not measured (see summary.md),,,https://pitchbook.com/profiles/advisor/225909-91 | https://www.zoominfo.com/c/sansa-advisors-pte-ltd/437156894,2 Mint Plaza Suite 803; also a Singapore office. 11-50 employees per aggregator.
Peak Technology Partners,,San Francisco,2016,Boutique investment bank,"Software, healthcare, govtech, fintech, health tech, tech services",M&A and capital raising; deal size not found,qualified,,not measured (see summary.md),,,https://pitchbook.com/profiles/advisor/185514-49 | https://www.crunchbase.com/organization/peak-technology-partners-de78,Website domain not confirmed. About 28 employees per one aggregator.
Invictus Growth Partners,,San Francisco,2019,Private equity,"Automation-enabled cloud software, cybersecurity, fintech",,qualified,,not measured (see summary.md),,,https://www.crunchbase.com/organization/invictus-growth-partners | https://tracxn.com/d/venture-capital/invictus-growth/__yu4aWtutPySon19Sx6hyFrfJheuc-joOWboinjIzIb0,Founded May 2019. Website domain not confirmed. Also listed on a Clutch San Francisco growth equity ranking.
Fin Capital,,San Francisco,2018,Venture / growth,B2B fintech software,,needs_check,,not measured (see summary.md),,,https://www.crunchbase.com/organization/fin-venture-capital,Described as a global asset manager focused on B2B fintech software; stage and check size not confirmed.
Tribe Capital,,San Francisco,2018,Venture capital (multi-stage),"Finance / financial services / crypto",,needs_check,,not measured (see summary.md),,,https://www.rho.co/blog/vc-firms-in-san-francisco-ca,Seed through late stage; check size not confirmed.
Flourish Ventures,,San Francisco,2019,Venture capital,Fintech / financial services,Seed to late stage per one source,needs_check,,not measured (see summary.md),,,https://www.seedtable.com/series-b-investors-san-francisco,Mandate may be impact-led and early; confirm fit.
Base10 Partners,,San Francisco,2015 or 2017 (sources conflict),Venture capital,Fintech / automation of the real economy,Seed and early stage per source,needs_check,,not measured (see summary.md),,,https://www.seedtable.com/series-b-investors-san-francisco,Likely too early for a $5M+ mandate; founding year conflicts across sources.
Bloom Equity Partners,bloomequitypartners.com,San Francisco (some sources say New York),2020,Private equity,"Lower-middle-market technology, software, tech-enabled business services",,needs_check,,not measured (see summary.md),,,https://www.bloomequitypartners.com/ | https://mergr.com/investor/bloom-equity-partners,HQ city conflicts across sources.
Metamora Growth Partners,,San Francisco,2018,Independent sponsor / private equity,"Software, tech-enabled services, healthcare services",,qualified,,not measured (see summary.md),,,https://www.axial.net/company/metamora-growth-partners/ | https://tracxn.com/d/venture-capital/metamora-growth-partners/__V1Dt__r6p8hlivfR_1DPcKsC8RrC8Vd-L8XCCuXwW2g,Independent sponsor; team of about 8 per aggregator.
Craft Ventures,,San Francisco,2017,Venture capital,"B2B SaaS, fintech, consumer technology",Early-stage focus per source,needs_check,,not measured (see summary.md),,,https://en.wikipedia.org/wiki/Craft_Ventures,Mega-ish multi-fund VC; may exceed 'new-age boutique' intent. Confirm fit.
Questa Capital,,San Francisco (offices in Washington DC and San Francisco),2016,Healthcare growth equity,"Healthcare services, healthcare technology, medical devices",Over $1B committed across three funds; example $30M equity investment,needs_check,,not measured (see summary.md),,,https://www.crunchbase.com/organization/questa-capital-management | https://www.prnewswire.com/news-releases/medrio-inc-announces-30-million-equity-investment-from-questa-capital-300462905.html,HQ city unclear (DC vs San Francisco). Verify HQ before using.
Camber Partners,,San Francisco Bay Area (city not confirmed),2020,Growth equity / private equity,Product-led-growth B2B software,,needs_check,,not measured (see summary.md),,,https://radientanalytics.com/firm/adv/camber-partners-management-llc-309328 | https://www.crunchbase.com/organization/camber-partners,About $379M regulatory AUM (Dec 2025). HQ city not confirmed as San Francisco.
Aphias Capital,,San Francisco,2025,Private equity (lower-middle-market buyouts),Healthcare and essential services,,needs_check,,not measured (see summary.md),,,https://www.dakota.com/resources/blog/top-ten-private-equity-firms-in-san-francisco,Set up in early 2025 per one article; very new and single-source.
Nfluence Partners,,San Francisco (also New York),2011 (rebranded 2018),Boutique investment bank,Technology M&A and capital formation,,needs_check,,not measured (see summary.md),,,https://www.linkedin.com/company/nfluence-partners,Founding year is pre-2015 unless the 2018 rebrand counts. Also appeared in an earlier lead list in this project.
